{
  "version": 1,
  "timestamp": "2026-05-27T01:14:27.316Z",
  "tool": "oha",
  "results": {
    "bunway": {
      "/json": 64374.34935739208,
      "/plaintext": 62466.21238401749,
      "/params/:id": 55659.98106895121,
      "/route50/:id": 58772.85775843061
    },
    "hono": {
      "/json": 68108.79000349925,
      "/plaintext": 70302.79300565689,
      "/params/:id": 66499.68435439814,
      "/route50/:id": 66036.78790124861
    },
    "elysia": {
      "/json": 73662.91114133994,
      "/plaintext": 79074.76536971201,
      "/params/:id": 76609.34059310396,
      "/route50/:id": 75865.88593434589
    },
    "express": {
      "/json": 38741.542768238956,
      "/plaintext": 36512.818508148484,
      "/params/:id": 34444.58228551464,
      "/route50/:id": 35297.68121705312
    },
    "fastify": {
      "/json": 57708.18746982684,
      "/plaintext": 57363.15062590016,
      "/params/:id": 56920.674901394625,
      "/route50/:id": 57076.841273140584
    }
  }
}