{
  "timestamp": "2026-01-30T10:35:00.270Z",
  "config": {
    "duration": 10,
    "warmupDuration": 3,
    "connections": 100,
    "runs": 2,
    "endpoints": [
      "/json",
      "/plaintext"
    ]
  },
  "tool": "oha",
  "environment": {
    "os": "darwin",
    "arch": "arm64",
    "bunVersion": "1.3.7",
    "nodeVersion": "v24.3.0"
  },
  "bunResults": [
    {
      "name": "bunway",
      "displayName": "bunWay",
      "runtime": "bun",
      "endpoints": {
        "/json": {
          "rps": {
            "samples": [
              95378.5605252709,
              95034.58421197295
            ],
            "mean": 95206.57236862193,
            "median": 95378.5605252709,
            "min": 95034.58421197295,
            "max": 95378.5605252709,
            "stdDev": 171.98815664897847,
            "cv": 0.18064735697350043,
            "isReliable": true
          },
          "latencyAvg": {
            "samples": [
              1.047195384941441,
              1.0509278740141081
            ],
            "mean": 1.0490616294777746,
            "median": 1.0509278740141081,
            "min": 1.047195384941441,
            "max": 1.0509278740141081,
            "stdDev": 0.00186624453633355,
            "cv": 0.17789655859042058,
            "isReliable": true
          },
          "latencyP50": {
            "samples": [
              0.9890000000000001,
              0.989417
            ],
            "mean": 0.9892085,
            "median": 0.989417,
            "min": 0.9890000000000001,
            "max": 0.989417,
            "stdDev": 0.00020849999999994484,
            "cv": 0.021077457381325052,
            "isReliable": true
          },
          "latencyP99": {
            "samples": [
              2.008625,
              2.03125
            ],
            "mean": 2.0199375,
            "median": 2.03125,
            "min": 2.008625,
            "max": 2.03125,
            "stdDev": 0.011312500000000059,
            "cv": 0.5600420805099197,
            "isReliable": true
          },
          "errors": 199,
          "totalRequests": 1905149
        },
        "/plaintext": {
          "rps": {
            "samples": [
              92400.95271426385,
              91651.21767031174
            ],
            "mean": 92026.0851922878,
            "median": 92400.95271426385,
            "min": 91651.21767031174,
            "max": 92400.95271426385,
            "stdDev": 374.8675219760553,
            "cv": 0.4073492001672922,
            "isReliable": true
          },
          "latencyAvg": {
            "samples": [
              1.0807748927128464,
              1.0897357037274995
            ],
            "mean": 1.085255298220173,
            "median": 1.0897357037274995,
            "min": 1.0807748927128464,
            "max": 1.0897357037274995,
            "stdDev": 0.004480405507326535,
            "cv": 0.41284345855527577,
            "isReliable": true
          },
          "latencyP50": {
            "samples": [
              1.0210830000000002,
              1.022916
            ],
            "mean": 1.0219995000000002,
            "median": 1.022916,
            "min": 1.0210830000000002,
            "max": 1.022916,
            "stdDev": 0.0009164999999998757,
            "cv": 0.08967714759154731,
            "isReliable": true
          },
          "latencyP99": {
            "samples": [
              2.052833,
              2.079541
            ],
            "mean": 2.066187,
            "median": 2.079541,
            "min": 2.052833,
            "max": 2.079541,
            "stdDev": 0.013353999999999866,
            "cv": 0.6463112970897535,
            "isReliable": true
          },
          "errors": 200,
          "totalRequests": 1841582
        }
      },
      "timestamp": "2026-01-30T10:35:00.270Z"
    },
    {
      "name": "hono",
      "displayName": "Hono",
      "runtime": "bun",
      "endpoints": {
        "/json": {
          "rps": {
            "samples": [
              98181.18538263369,
              98692.30926552204
            ],
            "mean": 98436.74732407786,
            "median": 98692.30926552204,
            "min": 98181.18538263369,
            "max": 98692.30926552204,
            "stdDev": 255.56194144417532,
            "cv": 0.25962046531546074,
            "isReliable": true
          },
          "latencyAvg": {
            "samples": [
              1.0171642938428511,
              1.0118202974838928
            ],
            "mean": 1.014492295663372,
            "median": 1.0171642938428511,
            "min": 1.0118202974838928,
            "max": 1.0171642938428511,
            "stdDev": 0.0026719981794791625,
            "cv": 0.2633827965871298,
            "isReliable": true
          },
          "latencyP50": {
            "samples": [
              0.949375,
              0.946542
            ],
            "mean": 0.9479584999999999,
            "median": 0.949375,
            "min": 0.946542,
            "max": 0.949375,
            "stdDev": 0.0014164999999999872,
            "cv": 0.1494263725679961,
            "isReliable": true
          },
          "latencyP99": {
            "samples": [
              1.938583,
              1.934042
            ],
            "mean": 1.9363125,
            "median": 1.938583,
            "min": 1.934042,
            "max": 1.938583,
            "stdDev": 0.002270499999999953,
            "cv": 0.1172589651721999,
            "isReliable": true
          },
          "errors": 199,
          "totalRequests": 1969722
        },
        "/plaintext": {
          "rps": {
            "samples": [
              110808.00434539038,
              112846.78515617322
            ],
            "mean": 111827.3947507818,
            "median": 112846.78515617322,
            "min": 110808.00434539038,
            "max": 112846.78515617322,
            "stdDev": 1019.390405391423,
            "cv": 0.9115748494930366,
            "isReliable": true
          },
          "latencyAvg": {
            "samples": [
              0.9009913147867779,
              0.8848501629645923
            ],
            "mean": 0.892920738875685,
            "median": 0.9009913147867779,
            "min": 0.8848501629645923,
            "max": 0.9009913147867779,
            "stdDev": 0.008070575911092781,
            "cv": 0.9038401237331313,
            "isReliable": true
          },
          "latencyP50": {
            "samples": [
              0.843667,
              0.827375
            ],
            "mean": 0.835521,
            "median": 0.843667,
            "min": 0.827375,
            "max": 0.843667,
            "stdDev": 0.008145999999999987,
            "cv": 0.9749605336071729,
            "isReliable": true
          },
          "latencyP99": {
            "samples": [
              1.739459,
              1.716917
            ],
            "mean": 1.728188,
            "median": 1.739459,
            "min": 1.716917,
            "max": 1.739459,
            "stdDev": 0.011271000000000031,
            "cv": 0.652185989024344,
            "isReliable": true
          },
          "errors": 199,
          "totalRequests": 2237841
        }
      },
      "timestamp": "2026-01-30T10:35:00.270Z"
    },
    {
      "name": "elysia",
      "displayName": "Elysia",
      "runtime": "bun",
      "endpoints": {
        "/json": {
          "rps": {
            "samples": [
              119435.6321840947,
              120195.98623199543
            ],
            "mean": 119815.80920804507,
            "median": 120195.98623199543,
            "min": 119435.6321840947,
            "max": 120195.98623199543,
            "stdDev": 380.1770239503603,
            "cv": 0.3173012196497632,
            "isReliable": true
          },
          "latencyAvg": {
            "samples": [
              0.8359081696843019,
              0.8306907962054049
            ],
            "mean": 0.8332994829448535,