{
  "timestamp": "2026-01-30T10:13:00.218Z",
  "config": {
    "duration": 10,
    "warmupDuration": 3,
    "connections": 100,
    "runs": 2,
    "endpoints": [
      "/json",
      "/plaintext"
    ]
  },
  "tool": "internal",
  "environment": {
    "os": "darwin",
    "arch": "arm64",
    "bunVersion": "1.3.7",
    "nodeVersion": "v24.3.0"
  },
  "bunResults": [
    {
      "name": "bunway",
      "displayName": "bunWay",
      "runtime": "bun",
      "endpoints": {
        "/json": {
          "rps": {
            "samples": [
              96442.8,
              94073.4
            ],
            "mean": 95258.1,
            "median": 96442.8,
            "min": 94073.4,
            "max": 96442.8,
            "stdDev": 1184.7000000000044,
            "cv": 1.2436737663253878,
            "isReliable": true
          },
          "latencyAvg": {
            "samples": [
              1.0367617268733553,
              1.0629803919014509
            ],
            "mean": 1.049871059387403,
            "median": 1.0629803919014509,
            "min": 1.0367617268733553,
            "max": 1.0629803919014509,
            "stdDev": 0.013109332514047778,
            "cv": 1.2486611948039639,
            "isReliable": true
          },
          "latencyP50": {
            "samples": [
              0.8742499999989377,
              0.8816249999981665
            ],
            "mean": 0.8779374999985521,
            "median": 0.8816249999981665,
            "min": 0.8742499999989377,
            "max": 0.8816249999981665,
            "stdDev": 0.0036874999996143742,
            "cv": 0.42001850924700856,
            "isReliable": true
          },
          "latencyP99": {
            "samples": [
              2.379792000001544,
              2.5298340000008466
            ],
            "mean": 2.454813000001195,
            "median": 2.5298340000008466,
            "min": 2.379792000001544,
            "max": 2.5298340000008466,
            "stdDev": 0.0750209999996514,
            "cv": 3.0560779985935738,
            "isReliable": true
          },
          "errors": 0,
          "totalRequests": 1905162
        },
        "/plaintext": {
          "rps": {
            "samples": [
              14804.2,
              46117.6
            ],
            "mean": 30460.9,
            "median": 46117.6,
            "min": 14804.2,
            "max": 46117.6,
            "stdDev": 15656.699999999999,
            "cv": 51.399334885049356,
            "isReliable": false
          },
          "latencyAvg": {
            "samples": [
              6.755160947555359,
              2.168290104920865
            ],
            "mean": 4.461725526238112,
            "median": 6.755160947555359,
            "min": 2.168290104920865,
            "max": 6.755160947555359,
            "stdDev": 2.2934354213172465,
            "cv": 51.4024318132126,
            "isReliable": false
          },
          "latencyP50": {
            "samples": [
              1.5871669999978621,
              1.2432079999998678
            ],
            "mean": 1.415187499998865,
            "median": 1.5871669999978621,
            "min": 1.2432079999998678,
            "max": 1.5871669999978621,
            "stdDev": 0.1719794999989972,
            "cv": 12.152417965756138,
            "isReliable": false
          },
          "latencyP99": {
            "samples": [
              100.83258300000307,
              11.39191700000083
            ],
            "mean": 56.11225000000195,
            "median": 100.83258300000307,
            "min": 11.39191700000083,
            "max": 100.83258300000307,
            "stdDev": 44.72033300000112,
            "cv": 79.69798573395215,
            "isReliable": false
          },
          "errors": 0,
          "totalRequests": 609218
        }
      },
      "timestamp": "2026-01-30T10:13:00.218Z"
    },
    {
      "name": "hono",
      "displayName": "Hono",
      "runtime": "bun",
      "endpoints": {
        "/json": {
          "rps": {
            "samples": [
              86643.5,
              91735.4
            ],
            "mean": 89189.45,
            "median": 91735.4,
            "min": 86643.5,
            "max": 91735.4,
            "stdDev": 2545.949999999997,
            "cv": 2.8545416526281944,
            "isReliable": true
          },
          "latencyAvg": {
            "samples": [
              1.1540241826991866,
              1.0899891047207149
            ],
            "mean": 1.1220066437099507,
            "median": 1.1540241826991866,
            "min": 1.0899891047207149,
            "max": 1.1540241826991866,
            "stdDev": 0.03201753898923587,
            "cv": 2.8535962036168394,
            "isReliable": true
          },
          "latencyP50": {
            "samples": [
              0.973375000001397,
              0.9637499999953434
            ],
            "mean": 0.9685624999983702,
            "median": 0.973375000001397,
            "min": 0.9637499999953434,
            "max": 0.973375000001397,
            "stdDev": 0.004812500003026798,
            "cv": 0.49687036231888976,
            "isReliable": true
          },
          "latencyP99": {
            "samples": [
              2.9801250000018626,
              2.4140000000043074
            ],
            "mean": 2.697062500003085,
            "median": 2.9801250000018626,
            "min": 2.4140000000043074,
            "max": 2.9801250000018626,
            "stdDev": 0.28306249999877764,
            "cv": 10.495214701122197,
            "isReliable": false
          },
          "errors": 0,
          "totalRequests": 1783789
        },
        "/plaintext": {
          "rps": {
            "samples": [
              21167.5,
              19204
            ],
            "mean": 20185.75,
            "median": 21167.5,
            "min": 19204,
            "max": 21167.5,
            "stdDev": 981.75,
            "cv": 4.863579505344116,
            "isReliable": true
          },
          "latencyAvg": {
            "samples": [
              4.729294602182552,
              5.20714246338779
            ],
            "mean": 4.968218532785171,
            "median": 5.20714246338779,
            "min": 4.729294602182552,
            "max": 5.20714246338779,
            "stdDev": 0.23892393060261874,
            "cv": 4.809046321653621,
            "isReliable": true
          },
          "latencyP50": {
            "samples": [
              1.4780829999945126,
              1.4809999999997672
            ],
            "mean": 1.47954149999714,
            "median": 1.4809999999997672,
            "min": 1.4780829999945126,
            "max": 1.4809999999997672,
            "stdDev": 0.001458500002627261,
            "cv": 0.09857783662236445,
            "isReliable": true
          },
          "latencyP99": {
            "samples": [
              38.56866699999955,
              45.02462500000547
            ],
            "mean": 41.79664600000251,
            "median": 45.02462500000547,
            "min": 38.56866699999955,
            "max": 45.02462500000547,
            "stdDev": 3.2279790000029607,
            "cv": 7.723057491270392,
            "isReliable": true
          },
          "errors": 0,
          "totalRequests": 403715
        }
      },
      "timestamp": "2026-01-30T10:13:00.218Z"
    },
    {
      "name": "elysia",
      "displayName": "Elysia",
      "runtime": "bun",
      "endpoints": {
        "/json": {
          "rps": {
            "samples": [
              27512.2,
              33926.6
            ],
            "mean": 30719.4,
            "median": 33926.6,
            "min": 27512.2,
            "max": 33926.6,
            "stdDev": 3207.199999999999,
            "cv": 10.44030807893383,
            "isReliable": false
          },