{
  "timestamp": "2026-01-30T10:20:25.724Z",
  "config": {
    "duration": 10,
    "warmupDuration": 3,
    "connections": 100,
    "runs": 2,
    "endpoints": [
      "/json",
      "/plaintext"
    ]
  },
  "tool": "oha",
  "environment": {
    "os": "darwin",
    "arch": "arm64",
    "bunVersion": "1.3.7",
    "nodeVersion": "v24.3.0"
  },
  "bunResults": [
    {
      "name": "bunway",
      "displayName": "bunWay",
      "runtime": "bun",
      "endpoints": {
        "/json": {
          "rps": {
            "samples": [
              96198.52480320238,
              95303.17880970091
            ],
            "mean": 95750.85180645165,
            "median": 96198.52480320238,
            "min": 95303.17880970091,
            "max": 96198.52480320238,
            "stdDev": 447.67299675073446,
            "cv": 0.4675394404382421,
            "isReliable": true
          },
          "latencyAvg": {
            "samples": [
              1.0382444784500673,
              1.0478886263257152
            ],
            "mean": 1.0430665523878913,
            "median": 1.0478886263257152,
            "min": 1.0382444784500673,
            "max": 1.0478886263257152,
            "stdDev": 0.004822073937823967,
            "cv": 0.4622978204779742,
            "isReliable": true
          },
          "latencyP50": {
            "samples": [
              0.973541,
              0.983584
            ],
            "mean": 0.9785625,
            "median": 0.983584,
            "min": 0.973541,
            "max": 0.983584,
            "stdDev": 0.005021500000000012,
            "cv": 0.5131506674330982,
            "isReliable": true
          },
          "latencyP99": {
            "samples": [
              1.993584,
              2.01025
            ],
            "mean": 2.001917,
            "median": 2.01025,
            "min": 1.993584,
            "max": 2.01025,
            "stdDev": 0.008333000000000035,
            "cv": 0.4162510233940785,
            "isReliable": true
          },
          "errors": 196,
          "totalRequests": 1916085
        },
        "/plaintext": {
          "rps": {
            "samples": [
              96795.02539572571,
              93909.88976484654
            ],
            "mean": 95352.45758028612,
            "median": 96795.02539572571,
            "min": 93909.88976484654,
            "max": 96795.02539572571,
            "stdDev": 1442.5678154395864,
            "cv": 1.512879533519054,
            "isReliable": true
          },
          "latencyAvg": {
            "samples": [
              1.0317409376561053,
              1.0633588605756725
            ],
            "mean": 1.047549899115889,
            "median": 1.0633588605756725,
            "min": 1.0317409376561053,
            "max": 1.0633588605756725,
            "stdDev": 0.01580896145978361,
            "cv": 1.5091368414169155,
            "isReliable": true
          },
          "latencyP50": {
            "samples": [
              0.9684999999999999,
              0.9706250000000001
            ],
            "mean": 0.9695625,
            "median": 0.9706250000000001,
            "min": 0.9684999999999999,
            "max": 0.9706250000000001,
            "stdDev": 0.0010625000000000773,
            "cv": 0.10958550892800384,
            "isReliable": true
          },
          "latencyP99": {
            "samples": [
              1.994042,
              2.1203749999999997
            ],
            "mean": 2.0572084999999998,
            "median": 2.1203749999999997,
            "min": 1.994042,
            "max": 2.1203749999999997,
            "stdDev": 0.06316649999999979,
            "cv": 3.0704957713328427,
            "isReliable": true
          },
          "errors": 199,
          "totalRequests": 1908278
        }
      },
      "timestamp": "2026-01-30T10:20:25.724Z"
    },
    {
      "name": "hono",
      "displayName": "Hono",
      "runtime": "bun",
      "endpoints": {
        "/json": {
          "rps": {
            "samples": [
              105063.07417447159,
              104179.7258110192
            ],
            "mean": 104621.3999927454,
            "median": 105063.07417447159,
            "min": 104179.7258110192,
            "max": 105063.07417447159,
            "stdDev": 441.67418172619364,
            "cv": 0.42216428164488334,
            "isReliable": true
          },
          "latencyAvg": {
            "samples": [
              0.9504202045305002,
              0.9585429800189804
            ],
            "mean": 0.9544815922747403,
            "median": 0.9585429800189804,
            "min": 0.9504202045305002,
            "max": 0.9585429800189804,
            "stdDev": 0.004061387744240086,
            "cv": 0.4255071839113107,
            "isReliable": true
          },
          "latencyP50": {
            "samples": [
              0.890083,
              0.896666
            ],
            "mean": 0.8933745,
            "median": 0.896666,
            "min": 0.890083,
            "max": 0.896666,
            "stdDev": 0.0032915000000000028,
            "cv": 0.36843451430503144,
            "isReliable": true
          },
          "latencyP99": {
            "samples": [
              1.827209,
              1.8471250000000001
            ],
            "mean": 1.837167,
            "median": 1.8471250000000001,
            "min": 1.827209,
            "max": 1.8471250000000001,
            "stdDev": 0.009958000000000022,
            "cv": 0.5420302019359167,
            "isReliable": true
          },
          "errors": 198,
          "totalRequests": 2093525
        },
        "/plaintext": {
          "rps": {
            "samples": [
              118868.6376469676,
              118870.66621090213
            ],
            "mean": 118869.65192893487,
            "median": 118870.66621090213,
            "min": 118868.6376469676,
            "max": 118870.66621090213,
            "stdDev": 1.0142819672619225,
            "cv": 0.0008532724297605429,
            "isReliable": true
          },
          "latencyAvg": {
            "samples": [
              0.839995022501744,
              0.839935517166941
            ],
            "mean": 0.8399652698343425,
            "median": 0.839995022501744,
            "min": 0.839935517166941,
            "max": 0.839995022501744,
            "stdDev": 0.00002975266740146143,
            "cv": 0.0035421306653939675,
            "isReliable": true
          },
          "latencyP50": {
            "samples": [
              0.7805829999999999,
              0.7787080000000001
            ],
            "mean": 0.7796455,
            "median": 0.7805829999999999,
            "min": 0.7787080000000001,
            "max": 0.7805829999999999,
            "stdDev": 0.0009374999999999245,
            "cv": 0.12024695839326009,
            "isReliable": true
          },
          "latencyP99": {
            "samples": [
              1.615417,
              1.632584
            ],
            "mean": 1.6240005000000002,
            "median": 1.632584,
            "min": 1.615417,
            "max": 1.632584,
            "stdDev": 0.008583499999999966,
            "cv": 0.5285404776661069,
            "isReliable": true
          },
          "errors": 197,
          "totalRequests": 2378729
        }
      },
      "timestamp": "2026-01-30T10:20:25.724Z"
    },
    {
      "name": "elysia",
      "displayName": "Elysia",
      "runtime": "bun",
      "endpoints": {
        "/json": {
          "rps": {
            "samples": [
              125592.35595143455,
              123356.47330675104
            ],
            "mean": 124474.41462909279,
            "median": 125592.35595143455,
            "min": 123356.47330675104,
            "max": 125592.35595143455,
            "stdDev": 1117.9413223417578,
            "cv": 0.8981294072946513,
            "isReliable": true
          },